data,salario_minimo
1940-07-01,8.72727272727273e-14
1940-08-01,8.72727272727273e-14
1940-09-01,8.72727272727273e-14
1940-10-01,8.72727272727273e-14
1940-11-01,8.72727272727273e-14
1940-12-01,8.72727272727273e-14
1941-01-01,8.72727272727273e-14
1941-02-01,8.72727272727273e-14
1941-03-01,8.72727272727273e-14
1941-04-01,8.72727272727273e-14
1941-05-01,8.72727272727273e-14
1941-06-01,8.72727272727273e-14
1941-07-01,8.72727272727273e-14
1941-08-01,8.72727272727273e-14
1941-09-01,8.72727272727273e-14
1941-10-01,8.72727272727273e-14
1941-11-01,8.72727272727273e-14
1941-12-01,8.72727272727273e-14
1942-01-01,8.72727272727273e-14
1942-02-01,8.72727272727273e-14
1942-03-01,8.72727272727273e-14
1942-04-01,8.72727272727273e-14
1942-05-01,8.72727272727273e-14
1942-06-01,8.72727272727273e-14
1942-07-01,8.72727272727273e-14
1942-08-01,8.72727272727273e-14
1942-09-01,8.72727272727273e-14
1942-10-01,8.72727272727273e-14
1942-11-01,8.72727272727273e-14
1942-12-01,8.72727272727273e-14
1943-01-01,8.72727272727273e-14
1943-02-01,8.72727272727273e-14
1943-03-01,8.72727272727273e-14
1943-04-01,8.72727272727273e-14
1943-05-01,8.72727272727273e-14
1943-06-01,8.72727272727273e-14
1943-07-01,1.09090909090909e-13
1943-08-01,1.09090909090909e-13
1943-09-01,1.09090909090909e-13
1943-10-01,1.09090909090909e-13
1943-11-01,1.09090909090909e-13
1943-12-01,1.38181818181818e-13
1944-01-01,1.38181818181818e-13
1944-02-01,1.38181818181818e-13
1944-03-01,1.38181818181818e-13
1944-04-01,1.38181818181818e-13
1944-05-01,1.38181818181818e-13
1944-06-01,1.38181818181818e-13
1944-07-01,1.38181818181818e-13
1944-08-01,1.38181818181818e-13
1944-09-01,1.38181818181818e-13
1944-10-01,1.38181818181818e-13
1944-11-01,1.38181818181818e-13
1944-12-01,1.38181818181818e-13
1945-01-01,1.38181818181818e-13
1945-02-01,1.38181818181818e-13
1945-03-01,1.38181818181818e-13
1945-04-01,1.38181818181818e-13
1945-05-01,1.38181818181818e-13
1945-06-01,1.38181818181818e-13
1945-07-01,1.38181818181818e-13
1945-08-01,1.38181818181818e-13
1945-09-01,1.38181818181818e-13
1945-10-01,1.38181818181818e-13
1945-11-01,1.38181818181818e-13
1945-12-01,1.38181818181818e-13
1946-01-01,1.38181818181818e-13
1946-02-01,1.38181818181818e-13
1946-03-01,1.38181818181818e-13
1946-04-01,1.38181818181818e-13
1946-05-01,1.38181818181818e-13
1946-06-01,1.38181818181818e-13
1946-07-01,1.38181818181818e-13
1946-08-01,1.38181818181818e-13
1946-09-01,1.38181818181818e-13
1946-10-01,1.38181818181818e-13
1946-11-01,1.38181818181818e-13
1946-12-01,1.38181818181818e-13
1947-01-01,1.38181818181818e-13
1947-02-01,1.38181818181818e-13
1947-03-01,1.38181818181818e-13
1947-04-01,1.38181818181818e-13
1947-05-01,1.38181818181818e-13
1947-06-01,1.38181818181818e-13
1947-07-01,1.38181818181818e-13
1947-08-01,1.38181818181818e-13
1947-09-01,1.38181818181818e-13
1947-10-01,1.38181818181818e-13
1947-11-01,1.38181818181818e-13
1947-12-01,1.38181818181818e-13
1948-01-01,1.38181818181818e-13
1948-02-01,1.38181818181818e-13
1948-03-01,1.38181818181818e-13
1948-04-01,1.38181818181818e-13
1948-05-01,1.38181818181818e-13
1948-06-01,1.38181818181818e-13
1948-07-01,1.38181818181818e-13
1948-08-01,1.38181818181818e-13
1948-09-01,1.38181818181818e-13
1948-10-01,1.38181818181818e-13
1948-11-01,1.38181818181818e-13
1948-12-01,1.38181818181818e-13
1949-01-01,1.38181818181818e-13
1949-02-01,1.38181818181818e-13
1949-03-01,1.38181818181818e-13
1949-04-01,1.38181818181818e-13
1949-05-01,1.38181818181818e-13
1949-06-01,1.38181818181818e-13
1949-07-01,1.38181818181818e-13
1949-08-01,1.38181818181818e-13
1949-09-01,1.38181818181818e-13
1949-10-01,1.38181818181818e-13
1949-11-01,1.38181818181818e-13
1949-12-01,1.38181818181818e-13
1950-01-01,1.38181818181818e-13
1950-02-01,1.38181818181818e-13
1950-03-01,1.38181818181818e-13
1950-04-01,1.38181818181818e-13
1950-05-01,1.38181818181818e-13
1950-06-01,1.38181818181818e-13
1950-07-01,1.38181818181818e-13
1950-08-01,1.38181818181818e-13
1950-09-01,1.38181818181818e-13
1950-10-01,1.38181818181818e-13
1950-11-01,1.38181818181818e-13
1950-12-01,1.38181818181818e-13
1951-01-01,1.38181818181818e-13
1951-02-01,1.38181818181818e-13
1951-03-01,1.38181818181818e-13
1951-04-01,1.38181818181818e-13
1951-05-01,1.38181818181818e-13
1951-06-01,1.38181818181818e-13
1951-07-01,1.38181818181818e-13
1951-08-01,1.38181818181818e-13
1951-09-01,1.38181818181818e-13
1951-10-01,1.38181818181818e-13
1951-11-01,1.38181818181818e-13
1951-12-01,1.38181818181818e-13
1952-01-01,4.36363636363636e-13
1952-02-01,4.36363636363636e-13
1952-03-01,4.36363636363636e-13
1952-04-01,4.36363636363636e-13
1952-05-01,4.36363636363636e-13
1952-06-01,4.36363636363636e-13
1952-07-01,4.36363636363636e-13
1952-08-01,4.36363636363636e-13
1952-09-01,4.36363636363636e-13
1952-10-01,4.36363636363636e-13
1952-11-01,4.36363636363636e-13
1952-12-01,4.36363636363636e-13
1953-01-01,4.36363636363636e-13
1953-02-01,4.36363636363636e-13
1953-03-01,4.36363636363636e-13
1953-04-01,4.36363636363636e-13
1953-05-01,4.36363636363636e-13
1953-06-01,4.36363636363636e-13
1953-07-01,4.36363636363636e-13
1953-08-01,4.36363636363636e-13
1953-09-01,4.36363636363636e-13
1953-10-01,4.36363636363636e-13
1953-11-01,4.36363636363636e-13
1953-12-01,4.36363636363636e-13
1954-01-01,4.36363636363636e-13
1954-02-01,4.36363636363636e-13
1954-03-01,4.36363636363636e-13
1954-04-01,4.36363636363636e-13
1954-05-01,4.36363636363636e-13
1954-06-01,4.36363636363636e-13
1954-07-01,8.72727272727273e-13
1954-08-01,8.72727272727273e-13
1954-09-01,8.72727272727273e-13
1954-10-01,8.72727272727273e-13
1954-11-01,8.72727272727273e-13
1954-12-01,8.72727272727273e-13
1955-01-01,8.72727272727273e-13
1955-02-01,8.72727272727273e-13
1955-03-01,8.72727272727273e-13
1955-04-01,8.72727272727273e-13
1955-05-01,8.72727272727273e-13
1955-06-01,8.72727272727273e-13
1955-07-01,8.72727272727273e-13
1955-08-01,8.72727272727273e-13
1955-09-01,8.72727272727273e-13
1955-10-01,8.72727272727273e-13
1955-11-01,8.72727272727273e-13
1955-12-01,8.72727272727273e-13
1956-01-01,8.72727272727273e-13
1956-02-01,8.72727272727273e-13
1956-03-01,8.72727272727273e-13
1956-04-01,8.72727272727273e-13
1956-05-01,8.72727272727273e-13
1956-06-01,8.72727272727273e-13
1956-07-01,8.72727272727273e-13
1956-08-01,1.38181818181818e-12
1956-09-01,1.38181818181818e-12
1956-10-01,1.38181818181818e-12
1956-11-01,1.38181818181818e-12
1956-12-01,1.38181818181818e-12
1957-01-01,1.38181818181818e-12
1957-02-01,1.38181818181818e-12
1957-03-01,1.38181818181818e-12
1957-04-01,1.38181818181818e-12
1957-05-01,1.38181818181818e-12
1957-06-01,1.38181818181818e-12
1957-07-01,1.38181818181818e-12
1957-08-01,1.38181818181818e-12
1957-09-01,1.38181818181818e-12
1957-10-01,1.38181818181818e-12
1957-11-01,1.38181818181818e-12
1957-12-01,1.38181818181818e-12
1958-01-01,1.38181818181818e-12
1958-02-01,1.38181818181818e-12
1958-03-01,1.38181818181818e-12
1958-04-01,1.38181818181818e-12
1958-05-01,1.38181818181818e-12
1958-06-01,1.38181818181818e-12
1958-07-01,1.38181818181818e-12
1958-08-01,1.38181818181818e-12
1958-09-01,1.38181818181818e-12
1958-10-01,1.38181818181818e-12
1958-11-01,1.38181818181818e-12
1958-12-01,1.38181818181818e-12
1959-01-01,2.18181818181818e-12
1959-02-01,2.18181818181818e-12
1959-03-01,2.18181818181818e-12
1959-04-01,2.18181818181818e-12
1959-05-01,2.18181818181818e-12
1959-06-01,2.18181818181818e-12
1959-07-01,2.18181818181818e-12
1959-08-01,2.18181818181818e-12
1959-09-01,2.18181818181818e-12
1959-10-01,2.18181818181818e-12
1959-11-01,2.18181818181818e-12
1959-12-01,2.18181818181818e-12
1960-01-01,2.18181818181818e-12
1960-02-01,2.18181818181818e-12
1960-03-01,2.18181818181818e-12
1960-04-01,2.18181818181818e-12
1960-05-01,2.18181818181818e-12
1960-06-01,2.18181818181818e-12
1960-07-01,2.18181818181818e-12
1960-08-01,2.18181818181818e-12
1960-09-01,2.18181818181818e-12
1960-10-01,3.49090909090909e-12
1960-11-01,3.49090909090909e-12
1960-12-01,3.49090909090909e-12
1961-01-01,3.49090909090909e-12
1961-02-01,3.49090909090909e-12
1961-03-01,3.49090909090909e-12
1961-04-01,3.49090909090909e-12
1961-05-01,3.49090909090909e-12
1961-06-01,3.49090909090909e-12
1961-07-01,3.49090909090909e-12
1961-08-01,3.49090909090909e-12
1961-09-01,3.49090909090909e-12
1961-10-01,4.88727272727273e-12
1961-11-01,4.88727272727273e-12
1961-12-01,4.88727272727273e-12
1962-01-01,4.88727272727273e-12
1962-02-01,4.88727272727273e-12
1962-03-01,4.88727272727273e-12
1962-04-01,4.88727272727273e-12
1962-05-01,4.88727272727273e-12
1962-06-01,4.88727272727273e-12
1962-07-01,4.88727272727273e-12
1962-08-01,4.88727272727273e-12
1962-09-01,4.88727272727273e-12
1962-10-01,4.88727272727273e-12
1962-11-01,4.88727272727273e-12
1962-12-01,4.88727272727273e-12
1963-01-01,7.63636363636364e-12
1963-02-01,7.63636363636364e-12
1963-03-01,7.63636363636364e-12
1963-04-01,7.63636363636364e-12
1963-05-01,7.63636363636364e-12
1963-06-01,7.63636363636364e-12
1963-07-01,7.63636363636364e-12
1963-08-01,7.63636363636364e-12
1963-09-01,7.63636363636364e-12
1963-10-01,7.63636363636364e-12
1963-11-01,7.63636363636364e-12
1963-12-01,7.63636363636364e-12
1964-01-01,7.63636363636364e-12
1964-02-01,1.52727272727273e-11
1964-03-01,1.52727272727273e-11
1964-04-01,1.52727272727273e-11
1964-05-01,1.52727272727273e-11
1964-06-01,1.52727272727273e-11
1964-07-01,1.52727272727273e-11
1964-08-01,1.52727272727273e-11
1964-09-01,1.52727272727273e-11
1964-10-01,1.52727272727273e-11
1964-11-01,1.52727272727273e-11
1964-12-01,1.52727272727273e-11
1965-01-01,1.52727272727273e-11
1965-02-01,1.52727272727273e-11
1965-03-01,2.4e-11
1965-04-01,2.4e-11
1965-05-01,2.4e-11
1965-06-01,2.4e-11
1965-07-01,2.4e-11
1965-08-01,2.4e-11
1965-09-01,2.4e-11
1965-10-01,2.4e-11
1965-11-01,2.4e-11
1965-12-01,2.4e-11
1966-01-01,2.4e-11
1966-02-01,2.4e-11
1966-03-01,3.05454545454545e-11
1966-04-01,3.05454545454545e-11
1966-05-01,3.05454545454545e-11
1966-06-01,3.05454545454545e-11
1966-07-01,3.05454545454545e-11
1966-08-01,3.05454545454545e-11
1966-09-01,3.05454545454545e-11
1966-10-01,3.05454545454545e-11
1966-11-01,3.05454545454545e-11
1966-12-01,3.05454545454545e-11
1967-01-01,3.05454545454545e-11
1967-02-01,3.05454545454545e-11
1967-03-01,3.81818181818182e-11
1967-04-01,3.81818181818182e-11
1967-05-01,3.81818181818182e-11
1967-06-01,3.81818181818182e-11
1967-07-01,3.81818181818182e-11
1967-08-01,3.81818181818182e-11
1967-09-01,3.81818181818182e-11
1967-10-01,3.81818181818182e-11
1967-11-01,3.81818181818182e-11
1967-12-01,3.81818181818182e-11
1968-01-01,3.81818181818182e-11
1968-02-01,3.81818181818182e-11
1968-03-01,4.71272727272727e-11
1968-04-01,4.71272727272727e-11
1968-05-01,4.71272727272727e-11
1968-06-01,4.71272727272727e-11
1968-07-01,4.71272727272727e-11
1968-08-01,4.71272727272727e-11
1968-09-01,4.71272727272727e-11
1968-10-01,4.71272727272727e-11
1968-11-01,4.71272727272727e-11
1968-12-01,4.71272727272727e-11
1969-01-01,4.71272727272727e-11
1969-02-01,4.71272727272727e-11
1969-03-01,4.71272727272727e-11
1969-04-01,4.71272727272727e-11
1969-05-01,5.67272727272727e-11
1969-06-01,5.67272727272727e-11
1969-07-01,5.67272727272727e-11
1969-08-01,5.67272727272727e-11
1969-09-01,5.67272727272727e-11
1969-10-01,5.67272727272727e-11
1969-11-01,5.67272727272727e-11
1969-12-01,5.67272727272727e-11
1970-01-01,5.67272727272727e-11
1970-02-01,5.67272727272727e-11
1970-03-01,5.67272727272727e-11
1970-04-01,5.67272727272727e-11
1970-05-01,6.80727272727273e-11
1970-06-01,6.80727272727273e-11
1970-07-01,6.80727272727273e-11
1970-08-01,6.80727272727273e-11
1970-09-01,6.80727272727273e-11
1970-10-01,6.80727272727273e-11
1970-11-01,6.80727272727273e-11
1970-12-01,6.80727272727273e-11
1971-01-01,6.80727272727273e-11
1971-02-01,6.80727272727273e-11
1971-03-01,6.80727272727273e-11
1971-04-01,6.80727272727273e-11
1971-05-01,8.20363636363636e-11
1971-06-01,8.20363636363636e-11
1971-07-01,8.20363636363636e-11
1971-08-01,8.20363636363636e-11
1971-09-01,8.20363636363636e-11
1971-10-01,8.20363636363636e-11
1971-11-01,8.20363636363636e-11
1971-12-01,8.20363636363636e-11
1972-01-01,8.20363636363636e-11
1972-02-01,8.20363636363636e-11
1972-03-01,8.20363636363636e-11
1972-04-01,8.20363636363636e-11
1972-05-01,9.77454545454545e-11
1972-06-01,9.77454545454545e-11
1972-07-01,9.77454545454545e-11
1972-08-01,9.77454545454545e-11
1972-09-01,9.77454545454545e-11
1972-10-01,9.77454545454545e-11
1972-11-01,9.77454545454545e-11
1972-12-01,9.77454545454545e-11
1973-01-01,9.77454545454545e-11
1973-02-01,9.77454545454545e-11
1973-03-01,9.77454545454545e-11
1973-04-01,9.77454545454545e-11
1973-05-01,1.13454545454545e-10
1973-06-01,1.13454545454545e-10
1973-07-01,1.13454545454545e-10
1973-08-01,1.13454545454545e-10
1973-09-01,1.13454545454545e-10
1973-10-01,1.13454545454545e-10
1973-11-01,1.13454545454545e-10
1973-12-01,1.13454545454545e-10
1974-01-01,1.13454545454545e-10
1974-02-01,1.13454545454545e-10
1974-03-01,1.13454545454545e-10
1974-04-01,1.13454545454545e-10
1974-05-01,1.37018181818182e-10
1974-06-01,1.37018181818182e-10
1974-07-01,1.37018181818182e-10
1974-08-01,1.37018181818182e-10
1974-09-01,1.37018181818182e-10
1974-10-01,1.37018181818182e-10
1974-11-01,1.37018181818182e-10
1974-12-01,1.50981818181818e-10
1975-01-01,1.50981818181818e-10
1975-02-01,1.50981818181818e-10
1975-03-01,1.50981818181818e-10
1975-04-01,1.50981818181818e-10
1975-05-01,1.93745454545455e-10
1975-06-01,1.93745454545455e-10
1975-07-01,1.93745454545455e-10
1975-08-01,1.93745454545455e-10
1975-09-01,1.93745454545455e-10
1975-10-01,1.93745454545455e-10
1975-11-01,1.93745454545455e-10
1975-12-01,1.93745454545455e-10
1976-01-01,1.93745454545455e-10
1976-02-01,1.93745454545455e-10
1976-03-01,1.93745454545455e-10
1976-04-01,1.93745454545455e-10
1976-05-01,2.79272727272727e-10
1976-06-01,2.79272727272727e-10
1976-07-01,2.79272727272727e-10
1976-08-01,2.79272727272727e-10
1976-09-01,2.79272727272727e-10
1976-10-01,2.79272727272727e-10
1976-11-01,2.79272727272727e-10
1976-12-01,2.79272727272727e-10
1977-01-01,2.79272727272727e-10
1977-02-01,2.79272727272727e-10
1977-03-01,2.79272727272727e-10
1977-04-01,2.79272727272727e-10
1977-05-01,4.02327272727273e-10
1977-06-01,4.02327272727273e-10
1977-07-01,4.02327272727273e-10
1977-08-01,4.02327272727273e-10
1977-09-01,4.02327272727273e-10
1977-10-01,4.02327272727273e-10
1977-11-01,4.02327272727273e-10
1977-12-01,4.02327272727273e-10
1978-01-01,4.02327272727273e-10
1978-02-01,4.02327272727273e-10
1978-03-01,4.02327272727273e-10
1978-04-01,4.02327272727273e-10
1978-05-01,5.67272727272727e-10
1978-06-01,5.67272727272727e-10
1978-07-01,5.67272727272727e-10
1978-08-01,5.67272727272727e-10
1978-09-01,5.67272727272727e-10
1978-10-01,5.67272727272727e-10
1978-11-01,5.67272727272727e-10
1978-12-01,5.67272727272727e-10
1979-01-01,5.67272727272727e-10
1979-02-01,5.67272727272727e-10
1979-03-01,5.67272727272727e-10
1979-04-01,5.67272727272727e-10
1979-05-01,8.24727272727273e-10
1979-06-01,8.24727272727273e-10
1979-07-01,8.24727272727273e-10
1979-08-01,8.24727272727273e-10
1979-09-01,8.24727272727273e-10
1979-10-01,8.24727272727273e-10
1979-11-01,1.06647272727273e-09
1979-12-01,1.06647272727273e-09
1980-01-01,1.06647272727273e-09
1980-02-01,1.06647272727273e-09
1980-03-01,1.06647272727273e-09
1980-04-01,1.06647272727273e-09
1980-05-01,1.50894545454545e-09
1980-06-01,1.50894545454545e-09
1980-07-01,1.50894545454545e-09
1980-08-01,1.50894545454545e-09
1980-09-01,1.50894545454545e-09
1980-10-01,1.50894545454545e-09
1980-11-01,2.10501818181818e-09
1980-12-01,2.10501818181818e-09
1981-01-01,2.10501818181818e-09
1981-02-01,2.10501818181818e-09
1981-03-01,2.10501818181818e-09
1981-04-01,2.10501818181818e-09
1981-05-01,3.07810909090909e-09
1981-06-01,3.07810909090909e-09
1981-07-01,3.07810909090909e-09
1981-08-01,3.07810909090909e-09
1981-09-01,3.07810909090909e-09
1981-10-01,3.07810909090909e-09
1981-11-01,4.33745454545455e-09
1981-12-01,4.33745454545455e-09
1982-01-01,4.33745454545455e-09
1982-02-01,4.33745454545455e-09
1982-03-01,4.33745454545455e-09
1982-04-01,4.33745454545455e-09
1982-05-01,6.03927272727273e-09
1982-06-01,6.03927272727273e-09
1982-07-01,6.03927272727273e-09
1982-08-01,6.03927272727273e-09
1982-09-01,6.03927272727273e-09
1982-10-01,6.03927272727273e-09
1982-11-01,8.57018181818182e-09
1982-12-01,8.57018181818182e-09
1983-01-01,8.57018181818182e-09
1983-02-01,8.57018181818182e-09
1983-03-01,8.57018181818182e-09
1983-04-01,8.57018181818182e-09
1983-05-01,1.26458181818182e-08
1983-06-01,1.26458181818182e-08
1983-07-01,1.26458181818182e-08
1983-08-01,1.26458181818182e-08
1983-09-01,1.26458181818182e-08
1983-10-01,1.26458181818182e-08
1983-11-01,2.07709090909091e-08
1983-12-01,2.07709090909091e-08
1984-01-01,2.07709090909091e-08
1984-02-01,2.07709090909091e-08
1984-03-01,2.07709090909091e-08
1984-04-01,2.07709090909091e-08
1984-05-01,3.53367272727273e-08
1984-06-01,3.53367272727273e-08
1984-07-01,3.53367272727273e-08
1984-08-01,3.53367272727273e-08
1984-09-01,3.53367272727273e-08
1984-10-01,3.53367272727273e-08
1984-11-01,6.05672727272727e-08
1984-12-01,6.05672727272727e-08
1985-01-01,6.05672727272727e-08
1985-02-01,6.05672727272727e-08
1985-03-01,6.05672727272727e-08
1985-04-01,6.05672727272727e-08
1985-05-01,1.21134545454545e-07
1985-06-01,1.21134545454545e-07
1985-07-01,1.21134545454545e-07
1985-08-01,1.21134545454545e-07
1985-09-01,1.21134545454545e-07
1985-10-01,1.21134545454545e-07
1985-11-01,2.18181818181818e-07
1985-12-01,2.18181818181818e-07
1986-01-01,2.18181818181818e-07
1986-02-01,2.18181818181818e-07
1986-03-01,2.92363636363636e-07
1986-04-01,2.92363636363636e-07
1986-05-01,2.92363636363636e-07
1986-06-01,2.92363636363636e-07
1986-07-01,2.92363636363636e-07
1986-08-01,2.92363636363636e-07
1986-09-01,2.92363636363636e-07
1986-10-01,2.92363636363636e-07
1986-11-01,2.92363636363636e-07
1986-12-01,2.92363636363636e-07
1987-01-01,3.50836363636364e-07
1987-02-01,3.50836363636364e-07
1987-03-01,4.97454545454545e-07
1987-04-01,4.97454545454545e-07
1987-05-01,5.96945454545455e-07
1987-06-01,7.16334545454545e-07
1987-07-01,7.16334545454545e-07
1987-08-01,7.16363636363636e-07
1987-09-01,8.72727272727273e-07
1987-10-01,9.6e-07
1987-11-01,1.09090909090909e-06
1987-12-01,1.30909090909091e-06
1988-01-01,1.63636363636364e-06
1988-02-01,1.92e-06
1988-03-01,2.26909090909091e-06
1988-04-01,2.64e-06
1988-05-01,3.168e-06
1988-06-01,3.77018181818182e-06
1988-07-01,4.52509090909091e-06
1988-08-01,5.65527272727273e-06
1988-09-01,6.89454545454545e-06
1988-10-01,8.61818181818182e-06
1988-11-01,1.12e-05
1988-12-01,1.47e-05
1989-01-01,1.97723636363636e-05
1989-02-01,2.32363636363636e-05
1989-03-01,2.32363636363636e-05
1989-04-01,2.32363636363636e-05
1989-05-01,2.96e-05
1989-06-01,4.36363636363636e-05
1989-07-01,5.44727272727273e-05
1989-08-01,7.01381818181818e-05
1989-09-01,9.072e-05
1989-10-01,0.000138810909090909
1989-11-01,0.000202665454545455
1989-12-01,0.000286610909090909
1990-01-01,0.000466890909090909
1990-02-01,0.000728861818181818
1990-03-01,0.00133602181818182
1990-04-01,0.00133602181818182
1990-05-01,0.00133602181818182
1990-06-01,0.00140282181818182
1990-07-01,0.00178354909090909
1990-08-01,0.00189216727272727
1990-09-01,0.00220229454545455
1990-10-01,0.00233641454545455
1990-11-01,0.00302892727272727
1990-12-01,0.00321338909090909
1991-01-01,0.00448203636363636
1991-02-01,0.00578016727272727
1991-03-01,0.00618181818181818
1991-04-01,0.00618181818181818
1991-05-01,0.00618181818181818
1991-06-01,0.00618181818181818
1991-07-01,0.00618181818181818
1991-08-01,0.00618181818181818
1991-09-01,0.0152727272727273
1991-10-01,0.0152727272727273
1991-11-01,0.0152727272727273
1991-12-01,0.0152727272727273
1992-01-01,0.0349226654545455
1992-02-01,0.0349226654545455
1992-03-01,0.0349226654545455
1992-04-01,0.0349226654545455
1992-05-01,0.0836363636363636
1992-06-01,0.0836363636363636
1992-07-01,0.0836363636363636
1992-08-01,0.0836363636363636
1992-09-01,0.18988616
1992-10-01,0.18988616
1992-11-01,0.18988616
1992-12-01,0.18988616
1993-01-01,0.4548
1993-02-01,0.4548
1993-03-01,0.6216
1993-04-01,0.6216
1993-05-01,1.2012
1993-06-01,1.2012
1993-07-01,1.6872
1993-08-01,2.01236363636364
1993-09-01,3.49309090909091
1993-10-01,4.37236363636364
1993-11-01,5.46218181818182
1993-12-01,6.82181818181818
1994-01-01,11.9570909090909
1994-02-01,15.5741818181818
1994-03-01,18.2903054545455
1994-04-01,26.0117163636364
1994-05-01,37.4137345454545
1994-06-01,53.6825745454545
1994-07-01,64.79
1994-08-01,64.79
1994-09-01,70.0
1994-10-01,70.0
1994-11-01,70.0
1994-12-01,70.0
1995-01-01,70.0
1995-02-01,70.0
1995-03-01,70.0
1995-04-01,70.0
1995-05-01,100.0
1995-06-01,100.0
1995-07-01,100.0
1995-08-01,100.0
1995-09-01,100.0
1995-10-01,100.0
1995-11-01,100.0
1995-12-01,100.0
1996-01-01,100.0
1996-02-01,100.0
1996-03-01,100.0
1996-04-01,100.0
1996-05-01,112.0
1996-06-01,112.0
1996-07-01,112.0
1996-08-01,112.0
1996-09-01,112.0
1996-10-01,112.0
1996-11-01,112.0
1996-12-01,112.0
1997-01-01,112.0
1997-02-01,112.0
1997-03-01,112.0
1997-04-01,112.0
1997-05-01,120.0
1997-06-01,120.0
1997-07-01,120.0
1997-08-01,120.0
1997-09-01,120.0
1997-10-01,120.0
1997-11-01,120.0
1997-12-01,120.0
1998-01-01,120.0
1998-02-01,120.0
1998-03-01,120.0
1998-04-01,120.0
1998-05-01,130.0
1998-06-01,130.0
1998-07-01,130.0
1998-08-01,130.0
1998-09-01,130.0
1998-10-01,130.0
1998-11-01,130.0
1998-12-01,130.0
1999-01-01,130.0
1999-02-01,130.0
1999-03-01,130.0
1999-04-01,130.0
1999-05-01,136.0
1999-06-01,136.0
1999-07-01,136.0
1999-08-01,136.0
1999-09-01,136.0
1999-10-01,136.0
1999-11-01,136.0
1999-12-01,136.0
2000-01-01,136.0
2000-02-01,136.0
2000-03-01,136.0
2000-04-01,151.0
2000-05-01,151.0
2000-06-01,151.0
2000-07-01,151.0
2000-08-01,151.0
2000-09-01,151.0
2000-10-01,151.0
2000-11-01,151.0
2000-12-01,151.0
2001-01-01,151.0
2001-02-01,151.0
2001-03-01,151.0
2001-04-01,180.0
2001-05-01,180.0
2001-06-01,180.0
2001-07-01,180.0
2001-08-01,180.0
2001-09-01,180.0
2001-10-01,180.0
2001-11-01,180.0
2001-12-01,180.0
2002-01-01,180.0
2002-02-01,180.0
2002-03-01,180.0
2002-04-01,200.0
2002-05-01,200.0
2002-06-01,200.0
2002-07-01,200.0
2002-08-01,200.0
2002-09-01,200.0
2002-10-01,200.0
2002-11-01,200.0
2002-12-01,200.0
2003-01-01,200.0
2003-02-01,200.0
2003-03-01,200.0
2003-04-01,240.0
2003-05-01,240.0
2003-06-01,240.0
2003-07-01,240.0
2003-08-01,240.0
2003-09-01,240.0
2003-10-01,240.0
2003-11-01,240.0
2003-12-01,240.0
2004-01-01,240.0
2004-02-01,240.0
2004-03-01,240.0
2004-04-01,240.0
2004-05-01,260.0
2004-06-01,260.0
2004-07-01,260.0
2004-08-01,260.0
2004-09-01,260.0
2004-10-01,260.0
2004-11-01,260.0
2004-12-01,260.0
2005-01-01,260.0
2005-02-01,260.0
2005-03-01,260.0
2005-04-01,260.0
2005-05-01,300.0
2005-06-01,300.0
2005-07-01,300.0
2005-08-01,300.0
2005-09-01,300.0
2005-10-01,300.0
2005-11-01,300.0
2005-12-01,300.0
2006-01-01,300.0
2006-02-01,300.0
2006-03-01,300.0
2006-04-01,350.0
2006-05-01,350.0
2006-06-01,350.0
2006-07-01,350.0
2006-08-01,350.0
2006-09-01,350.0
2006-10-01,350.0
2006-11-01,350.0
2006-12-01,350.0
2007-01-01,350.0
2007-02-01,350.0
2007-03-01,350.0
2007-04-01,380.0
2007-05-01,380.0
2007-06-01,380.0
2007-07-01,380.0
2007-08-01,380.0
2007-09-01,380.0
2007-10-01,380.0
2007-11-01,380.0
2007-12-01,380.0
2008-01-01,380.0
2008-02-01,380.0
2008-03-01,415.0
2008-04-01,415.0
2008-05-01,415.0
2008-06-01,415.0
2008-07-01,415.0
2008-08-01,415.0
2008-09-01,415.0
2008-10-01,415.0
2008-11-01,415.0
2008-12-01,415.0
2009-01-01,415.0
2009-02-01,465.0
2009-03-01,465.0
2009-04-01,465.0
2009-05-01,465.0
2009-06-01,465.0
2009-07-01,465.0
2009-08-01,465.0
2009-09-01,465.0
2009-10-01,465.0
2009-11-01,465.0
2009-12-01,465.0
2010-01-01,510.0
2010-02-01,510.0
2010-03-01,510.0
2010-04-01,510.0
2010-05-01,510.0
2010-06-01,510.0
2010-07-01,510.0
2010-08-01,510.0
2010-09-01,510.0
2010-10-01,510.0
2010-11-01,510.0
2010-12-01,510.0
2011-01-01,540.0
2011-02-01,540.0
2011-03-01,545.0
2011-04-01,545.0
2011-05-01,545.0
2011-06-01,545.0
2011-07-01,545.0
2011-08-01,545.0
2011-09-01,545.0
2011-10-01,545.0
2011-11-01,545.0
2011-12-01,545.0
2012-01-01,622.0
2012-02-01,622.0
2012-03-01,622.0
2012-04-01,622.0
2012-05-01,622.0
2012-06-01,622.0
2012-07-01,622.0
2012-08-01,622.0
2012-09-01,622.0
2012-10-01,622.0
2012-11-01,622.0
2012-12-01,622.0
2013-01-01,678.0
2013-02-01,678.0
2013-03-01,678.0
2013-04-01,678.0
2013-05-01,678.0
2013-06-01,678.0
2013-07-01,678.0
2013-08-01,678.0
2013-09-01,678.0
2013-10-01,678.0
2013-11-01,678.0
2013-12-01,678.0
2014-01-01,724.0
2014-02-01,724.0
2014-03-01,724.0
2014-04-01,724.0
2014-05-01,724.0
2014-06-01,724.0
2014-07-01,724.0
2014-08-01,724.0
2014-09-01,724.0
2014-10-01,724.0
2014-11-01,724.0
2014-12-01,724.0
2015-01-01,788.0
2015-02-01,788.0
2015-03-01,788.0
2015-04-01,788.0
2015-05-01,788.0
2015-06-01,788.0
2015-07-01,788.0
2015-08-01,788.0
2015-09-01,788.0
2015-10-01,788.0
2015-11-01,788.0
2015-12-01,788.0
2016-01-01,880.0
2016-02-01,880.0
2016-03-01,880.0
2016-04-01,880.0
2016-05-01,880.0
2016-06-01,880.0
2016-07-01,880.0
2016-08-01,880.0
2016-09-01,880.0
2016-10-01,880.0
2016-11-01,880.0
2016-12-01,880.0
2017-01-01,937.0
2017-02-01,937.0
2017-03-01,937.0
2017-04-01,937.0
2017-05-01,937.0
2017-06-01,937.0
2017-07-01,937.0
2017-08-01,937.0
2017-09-01,937.0
2017-10-01,937.0
2017-11-01,937.0
2017-12-01,937.0
2018-01-01,954.0
2018-02-01,954.0
2018-03-01,954.0
2018-04-01,954.0
2018-05-01,954.0
2018-06-01,954.0
2018-07-01,954.0
2018-08-01,954.0
2018-09-01,954.0
2018-10-01,954.0
2018-11-01,954.0
2018-12-01,954.0
2019-01-01,998.0
2019-02-01,998.0
2019-03-01,998.0
2019-04-01,998.0
2019-05-01,998.0
2019-06-01,998.0
2019-07-01,998.0
2019-08-01,998.0
2019-09-01,998.0
2019-10-01,998.0
2019-11-01,998.0
2019-12-01,998.0
2020-01-01,1039.0
2020-02-01,1045.0
2020-03-01,1045.0
2020-04-01,1045.0
2020-05-01,1045.0
2020-06-01,1045.0
2020-07-01,1045.0
2020-08-01,1045.0
2020-09-01,1045.0
2020-10-01,1045.0
2020-11-01,1045.0
2020-12-01,1045.0
2021-01-01,1100.0
2021-02-01,1100.0
2021-03-01,1100.0
2021-04-01,1100.0
2021-05-01,1100.0
2021-06-01,1100.0
2021-07-01,1100.0
2021-08-01,1100.0
2021-09-01,1100.0
2021-10-01,1100.0
2021-11-01,1100.0
2021-12-01,1100.0
2022-01-01,1212.0
2022-02-01,1212.0
2022-03-01,1212.0
2022-04-01,1212.0
2022-05-01,1212.0
2022-06-01,1212.0
2022-07-01,1212.0
2022-08-01,1212.0
2022-09-01,1212.0
2022-10-01,1212.0
2022-11-01,1212.0
2022-12-01,1212.0
2023-01-01,1302.0
2023-02-01,1302.0
2023-03-01,1302.0
2023-04-01,1302.0
2023-05-01,1320.0
2023-06-01,1320.0
2023-07-01,1320.0
2023-08-01,1320.0
2023-09-01,1320.0
2023-10-01,1320.0
2023-11-01,1320.0
2023-12-01,1320.0
2024-01-01,1412.0
2024-02-01,1412.0
2024-03-01,1412.0
2024-04-01,1412.0
2024-05-01,1412.0
2024-06-01,1412.0
2024-07-01,1412.0
2024-08-01,1412.0
2024-09-01,1412.0
2024-10-01,1412.0
2024-11-01,1412.0
2024-12-01,1412.0
2025-01-01,1518.0
2025-02-01,1518.0
2025-03-01,1518.0
2025-04-01,1518.0
2025-05-01,1518.0
2025-06-01,1518.0
2025-07-01,1518.0
2025-08-01,1518.0
2025-09-01,1518.0
2025-10-01,1518.0
2025-11-01,1518.0
2025-12-01,1518.0
2026-01-01,1621.0
2026-02-01,1621.0
2026-03-01,1621.0
2026-04-01,1621.0
2026-05-01,1621.0
2026-06-01,1621.0
2026-07-01,1621.0
2026-08-01,1621.0
2026-09-01,1621.0
2026-10-01,1621.0
2026-11-01,1621.0
2026-12-01,1621.0
